Rk,School,From,To,Yrs,G,W,L,T,Pct,G,W,L,T,Pct,SRS,SOS,AP,CC,Notes
1,Air Force,1957,2023,67,779,427,340,12,.556,30,16,13,1,.550,1.35,-0.84,7,3,
2,Akron,1975,2023,38,437,157,277,3,.363,3,1,2,0,.333,-12.18,-6.66,0,1,
3,Alabama,1902,2023,120,1332,979,311,42,.751,77,46,28,3,.617,13.85,4.29,61,30,record adjusted to 950-320-41 by NCAA
4,Alameda Coast Guard,1943,1944,2,15,8,4,3,.633,0,0,0,0,,-0.16,-5.13,0,0,
5,Alcorn State,1977,1977,1,11,3,8,0,.273,0,0,0,0,,-17.10,-9.19,0,0,
6,Amarillo Field,1944,1944,1,8,5,3,0,.625,0,0,0,0,,5.10,-1.78,0,0,
7,Amherst,1877,1906,25,239,108,109,22,.498,0,0,0,0,,-1.08,-0.09,0,0,
8,Appalachian State,1972,2023,20,240,144,91,5,.610,8,7,1,0,.875,-0.90,-6.16,1,4,
9,Arizona,1931,2023,90,986,506,456,23,.525,21,10,10,1,.500,1.41,0.68,8,6,
10,Arizona State,1931,2023,90,997,592,381,18,.606,33,15,17,1,.470,3.39,-1.20,17,17,record adjusted to 587-386-18 by NCAA
11,Arkansas,1906,2023,118,1261,706,516,37,.575,44,17,24,3,.420,6.43,3.10,29,14,record adjusted to 707-515-37 by NCAA
12,Arkansas State,1974,2023,42,492,216,274,2,.441,11,4,7,0,.364,-9.04,-6.56,0,7,record adjusted to 206-274-2 by NCAA
13,Army,1891,2023,130,1303,713,538,51,.567,10,7,3,0,.700,3.28,-0.31,15,0,
14,Auburn,1902,2023,121,1280,773,461,43,.622,47,24,21,2,.532,8.84,4.59,40,8,record adjusted to 776-459-42 by NCAA
15,Ball State,1975,2023,49,564,273,287,4,.488,9,1,8,0,.111,-7.92,-7.09,1,6,
16,Bates,1901,1905,3,21,10,8,3,.548,0,0,0,0,,-0.94,-1.28,0,0,
17,Baylor,1903,2023,118,1254,618,593,41,.510,27,14,13,0,.519,2.78,2.70,16,9,record adjusted to 618-593-40 by NCAA
18,Beloit,1894,1905,9,85,39,36,10,.518,0,0,0,0,,-1.30,-1.39,0,0,
19,Birmingham-Southern,1920,1924,4,36,16,17,3,.486,0,0,0,0,,-5.29,-4.68,0,0,
20,Boise State,1996,2023,28,356,271,85,0,.761,21,13,8,0,.619,5.96,-4.03,13,15,record adjusted to 272-84-0 by NCAA
21,Boston College,1901,2023,89,967,528,423,14,.554,28,15,13,0,.536,1.79,0.00,14,1,
22,Boston University,1923,1964,20,170,73,90,7,.450,0,0,0,0,,-6.91,-4.99,1,0,
23,Bowdoin,1896,1905,7,66,33,30,3,.523,0,0,0,0,,-2.71,-2.47,0,0,
24,Bowling Green,1962,2023,62,697,372,314,11,.542,14,5,9,0,.357,-5.41,-6.42,1,9,
25,Bradley,1949,1951,3,29,14,15,0,.483,0,0,0,0,,-12.91,-12.75,0,0,
26,Brown,1878,1981,93,858,431,392,35,.523,1,0,1,0,.000,-2.89,-3.54,0,1,
27,Bucknell,1888,1946,40,357,168,157,32,.515,1,1,0,0,1.000,-2.93,-2.85,0,0,
28,Buffalo,1962,2023,34,384,149,230,4,.394,6,3,3,0,.500,-10.06,-7.09,1,1,
29,Butler,1932,1933,2,15,4,10,1,.300,0,0,0,0,,-16.48,-10.26,0,0,
30,BYU,1922,2023,99,1086,616,443,26,.580,40,17,22,1,.438,-0.73,-3.05,19,23,
31,Cal State Fullerton,1975,1992,18,205,76,127,2,.376,1,0,1,0,.000,-12.72,-7.22,0,2,record adjusted to 79-124-2 by NCAA
32,Cal State Los Angeles,1969,1971,3,29,3,26,0,.103,0,0,0,0,,-27.59,-9.75,0,0,
33,California,1916,2023,108,1172,595,543,31,.522,25,12,12,1,.500,5.20,4.02,14,13,record adjusted to 592-542-31 by NCAA
34,California-Santa Barbara,1969,1971,3,32,11,21,0,.344,0,0,0,0,,-13.35,-7.22,0,0,
35,Camp Grant,1943,1943,1,10,2,6,2,.300,0,0,0,0,,8.98,14.38,0,0,
36,Carlisle,1896,1917,21,252,165,77,10,.675,0,0,0,0,,8.26,0.94,0,0,
37,Carnegie Mellon,1910,1940,20,172,84,75,13,.526,1,0,1,0,.000,4.03,1.50,1,0,
38,Centenary (LA),1930,1941,12,131,69,48,14,.580,1,0,0,1,.500,0.22,-1.79,0,0,
39,Central Michigan,1975,2023,49,568,302,255,11,.541,13,4,9,0,.308,-6.60,-7.70,1,7,
40,Centre,1919,1935,8,74,51,20,3,.709,3,2,1,0,.667,9.14,-0.02,0,0,
41,Charlotte,2015,2023,9,103,32,71,0,.311,1,0,1,0,.000,-13.49,-5.83,0,0,
42,Chattanooga,1909,1981,22,218,105,100,13,.511,0,0,0,0,,-5.92,-6.18,0,3,
43,Chicago,1892,1939,48,466,287,147,32,.650,0,0,0,0,,7.28,2.92,0,7,
44,Cincinnati,1954,2023,70,793,397,382,12,.509,19,8,11,0,.421,-2.24,-2.28,8,10,
45,Clemson,1902,2023,122,1304,778,465,44,.622,50,27,23,0,.540,5.80,1.77,37,23,
46,Coast Guard,1944,1945,2,17,6,10,1,.382,0,0,0,0,,-4.68,-1.10,0,0,
47,Coastal Carolina,2017,2023,7,87,52,35,0,.598,4,2,2,0,.500,-2.98,-4.93,1,1,
48,Coe,1905,1905,1,9,1,7,1,.167,0,0,0,0,,-18.57,-4.35,0,0,
49,Colby,1904,1904,1,7,2,4,1,.357,0,0,0,0,,-5.30,1.55,0,0,
50,Colgate,1905,1981,76,670,363,266,41,.572,0,0,0,0,,-0.87,-4.01,0,0,
51,Colorado,1902,2023,122,1225,670,517,35,.563,30,12,18,0,.400,3.85,1.44,19,19,
52,Colorado College,1902,1945,39,296,169,109,18,.601,0,0,0,0,,-1.27,-4.88,1,2,
53,Colorado Mines,1902,1937,36,239,98,128,13,.437,0,0,0,0,,-6.56,-4.56,0,3,
54,Colorado State,1902,2023,116,1155,531,592,31,.474,17,6,11,0,.353,-4.04,-2.96,3,15,record adjusted to 532-591-31 by NCAA
55,Columbia,1870,1981,84,699,282,382,35,.428,1,1,0,0,1.000,-4.55,-1.67,2,1,
56,Connecticut,1979,2023,25,290,113,175,2,.393,7,3,4,0,.429,-6.62,-2.56,0,2,
57,Cornell,1888,1981,93,837,488,317,32,.602,0,0,0,0,,2.20,-2.18,5,1,
58,Cornell College,1903,1903,1,9,1,8,0,.111,0,0,0,0,,-14.48,-2.14,0,0,
59,Creighton,1927,1942,16,139,61,70,8,.468,0,0,0,0,,-6.26,-5.08,0,1,
60,Cumberland,1903,1905,2,13,7,5,1,.577,0,0,0,0,,5.07,-0.79,0,0,
61,Dartmouth,1881,1981,93,795,502,258,35,.653,0,0,0,0,,3.50,-2.81,5,12,
62,Davidson,1902,1973,66,601,248,312,40,.447,1,0,1,0,.000,-7.33,-5.96,0,1,
63,Dayton,1956,1976,21,216,78,130,8,.380,0,0,0,0,,-13.09,-8.45,0,0,
64,Del Monte Pre-Flight,1943,1943,1,8,7,1,0,.875,0,0,0,0,,12.87,-6.25,1,0,
65,Denver,1902,1960,59,520,259,228,33,.530,2,0,2,0,.000,-4.08,-4.86,0,6,
66,Detroit Mercy,1927,1964,36,338,196,132,10,.595,0,0,0,0,,0.21,-4.25,0,3,
67,Dickinson,1889,1910,18,173,84,79,10,.514,0,0,0,0,,-3.19,-3.54,0,0,
68,Drake,1900,1985,73,666,316,326,24,.492,3,2,1,0,.667,-5.60,-5.70,0,7,
69,Drury,1907,1907,1,5,1,4,0,.200,0,0,0,0,,-13.17,-3.97,0,0,
70,Duke,1922,2023,102,1094,517,548,28,.486,16,8,8,0,.500,2.62,2.69,16,17,
71,Duquesne,1933,1950,14,132,80,49,3,.617,1,1,0,0,1.000,1.04,-2.38,3,0,
72,East Carolina,1965,2023,59,677,344,330,3,.510,17,8,9,0,.471,-2.72,-2.71,2,6,record adjusted to 345-329-3 by NCAA
73,East Tennessee State,1979,1981,3,33,15,18,0,.455,0,0,0,0,,-9.46,-8.43,0,0,
74,Eastern Michigan,1975,2023,49,557,183,366,7,.335,7,2,5,0,.286,-14.05,-7.32,0,1,
75,Erskine,1919,1936,5,39,12,27,0,.308,0,0,0,0,,-13.04,-5.98,0,0,
76,Florida,1911,2023,111,1208,733,436,37,.623,48,24,24,0,.500,8.90,4.30,34,9,
77,Florida A&M,2004,2004,1,11,3,8,0,.273,0,0,0,0,,-21.65,-12.38,0,0,
78,Florida Atlantic,2004,2023,20,240,105,137,0,.434,5,4,1,0,.800,-7.66,-5.00,0,3,
79,Florida International,2004,2023,20,235,81,154,0,.345,5,2,3,0,.400,-12.54,-6.41,0,1,
80,Florida State,1954,2023,70,834,556,260,16,.678,49,29,18,2,.612,10.87,3.88,35,16,record adjusted to 545-259-16 by NCAA
81,Fordham,1909,1954,25,213,126,70,17,.631,2,1,1,0,.500,3.60,-1.08,6,0,
82,Fort Benning,1922,1922,1,10,5,5,0,.500,0,0,0,0,,-6.13,-4.03,0,0,
83,Fort Riley,1943,1943,1,9,6,2,1,.722,0,0,0,0,,10.37,1.81,0,0,
84,Fort Warren,1944,1944,1,10,5,4,1,.550,0,0,0,0,,-4.13,-3.83,0,0,
85,Franklin & Marshall,1889,1904,7,62,24,31,7,.444,0,0,0,0,,-6.27,-3.24,0,0,
86,Fresno State,1969,2023,55,670,386,273,4,.585,26,14,12,0,.538,-1.69,-5.33,4,13,record adjusted to 389-270-4 by NCAA
87,Furman,1902,1981,61,605,297,280,28,.514,0,0,0,0,,-6.16,-6.16,0,3,
88,George Washington,1908,1966,33,299,138,147,14,.485,1,1,0,0,1.000,-4.59,-4.24,1,0,
89,Georgetown,1902,1950,36,313,184,110,19,.618,2,0,2,0,.000,2.82,-2.36,1,0,
90,Georgia,1902,2023,120,1312,855,406,50,.671,62,38,21,3,.637,10.63,4.84,42,14,
91,Georgia Pre-Flight,1942,1943,2,15,12,2,1,.833,0,0,0,0,,11.14,2.27,0,0,
92,Georgia Southern,2014,2023,10,126,65,61,0,.516,6,3,3,0,.500,-3.39,-4.37,0,1,
93,Georgia State,2013,2023,11,134,51,83,0,.381,6,4,2,0,.667,-8.88,-4.19,0,0,
94,Georgia Tech,1902,2023,122,1313,750,519,40,.588,46,26,20,0,.565,8.28,4.55,24,8,record adjusted to 749-519-40 by NCAA
95,Gonzaga,1922,1941,16,141,67,63,11,.514,1,0,1,0,.000,-2.55,-4.15,0,0,
96,Grambling State,1977,1977,1,11,10,1,0,.909,0,0,0,0,,6.73,-10.00,0,1,
97,Great Lakes Navy,1918,1945,5,55,39,11,5,.755,1,1,0,0,1.000,16.37,6.95,2,0,
98,Grinnell,1899,1936,26,218,90,110,18,.454,0,0,0,0,,-6.86,-4.63,0,0,
99,Hamilton,1907,1907,1,5,1,4,0,.200,0,0,0,0,,-10.59,3.81,0,0,
100,Hampden-Sydney,1922,1940,5,44,14,29,1,.330,0,0,0,0,,-12.35,-6.01,0,0,
101,Hardin-Simmons,1939,1962,21,218,113,96,9,.539,6,4,2,0,.667,-5.41,-6.96,1,3,
102,Harvard,1875,1981,103,932,631,259,42,.700,1,1,0,0,1.000,4.22,-2.09,0,5,
103,Haskell,1902,1916,12,110,57,49,4,.536,0,0,0,0,,-1.71,-2.12,0,0,
104,Haverford,1891,1891,1,6,0,6,0,.000,0,0,0,0,,-23.89,-1.73,0,0,
105,Hawaii,1971,2023,51,626,311,309,6,.502,14,8,6,0,.571,-3.90,-3.32,2,4,
106,Holy Cross,1899,1981,53,524,264,233,27,.530,1,0,1,0,.000,-2.94,-4.32,5,0,
107,Houston,1949,2023,75,850,460,374,15,.551,30,13,16,1,.450,3.09,1.12,15,11,record adjusted to 460-374-14 by NCAA
108,Idaho,1917,2017,75,739,261,461,16,.364,3,3,0,0,1.000,-8.52,-3.61,0,1,
109,Idaho State,1944,1944,1,9,4,5,0,.444,0,0,0,0,,-11.65,-7.09,0,0,
110,Illinois,1892,2023,132,1299,622,624,49,.499,20,8,12,0,.400,5.90,5.21,13,15,
111,Illinois State,1975,1985,11,119,41,73,5,.366,0,0,0,0,,-15.36,-11.09,0,0,
112,Indiana,1899,2023,125,1217,482,690,38,.414,13,3,10,0,.231,1.98,4.58,6,2,record adjusted to 483-689-38 by NCAA
113,Indiana State,1975,1985,11,120,60,59,1,.504,0,0,0,0,,-10.06,-9.71,0,0,
114,Iowa,1899,2023,125,1253,663,548,34,.546,36,18,17,1,.514,6.83,5.13,27,11,record adjusted to 664-547-34 by NCAA
115,Iowa Pre-Flight,1942,1944,3,31,26,5,0,.839,0,0,0,0,,18.05,5.72,2,0,
116,Iowa State,1895,2023,126,1263,545,671,45,.450,18,5,13,0,.278,0.31,1.47,3,2,record adjusted to 546-670-45 by NCAA
117,Jackson State,1977,1977,1,11,8,3,0,.727,0,0,0,0,,-1.31,-10.40,0,0,
118,Jacksonville Naval Air Station,1942,1942,1,12,9,3,0,.750,0,0,0,0,,6.46,-3.13,0,0,
119,Jacksonville State,2023,2023,1,13,9,4,0,.692,1,1,0,,1.000,0.68,-6.01,0,0,
120,James Madison,2022,2023,2,24,19,5,0,.792,1,0,1,,.000,6.95,-3.87,0,0,
121,Kansas,1901,2023,123,1258,547,656,54,.457,14,7,7,0,.500,0.92,2.48,8,5,
122,Kansas State,1912,2023,112,1169,510,624,35,.451,25,11,14,0,.440,-0.05,2.01,15,4,record adjusted to 511-624-34 by NCAA
123,Kent State,1962,2023,62,690,226,457,5,.332,4,1,3,0,.250,-12.44,-6.62,0,1,
124,Kentucky,1915,2023,108,1142,528,578,36,.478,23,12,11,0,.522,3.89,3.96,10,2,record adjusted to 529-577-36 by NCAA
125,Knox,1899,1905,5,52,27,23,2,.538,0,0,0,0,,-1.90,-3.67,0,0,
126,Lafayette,1882,1946,47,440,256,160,24,.609,0,0,0,0,,1.07,-2.53,0,0,
127,Lake Forest,1893,1899,5,47,17,24,6,.426,0,0,0,0,,-7.97,-3.29,0,0,
128,Lamar,1973,1981,9,97,33,60,4,.361,0,0,0,0,,-12.77,-7.68,0,0,
129,Lawrence,1905,1905,1,10,7,3,0,.700,0,0,0,0,,3.09,-1.91,0,0,
130,Lehigh,1884,1965,43,412,195,197,20,.498,0,0,0,0,,-2.98,-2.44,0,0,
131,Liberty,2018,2023,6,76,53,23,0,.697,5,3,2,0,.600,-0.40,-6.82,2,1,
132,Lombard,1903,1903,1,8,5,3,0,.625,0,0,0,0,,-2.35,-2.72,0,0,
133,Long Beach State,1969,1991,23,257,129,126,2,.506,1,0,0,1,.500,-7.67,-7.16,0,3,record adjusted to 130-125-2 by NCAA
134,Louisiana,1973,2023,51,592,272,315,5,.464,11,7,4,0,.636,-8.23,-5.88,2,6,record adjusted to 250-315-5 by NCAA
135,Louisiana Tech,1975,2023,43,506,253,246,7,.507,13,8,4,1,.654,-4.45,-4.71,0,4,record adjusted to 254-245-7 by NCAA
136,Louisiana-Monroe,1975,2023,37,428,149,277,2,.350,1,0,1,0,.000,-11.60,-5.19,0,1,
137,Louisville,1962,2023,62,719,385,326,7,.541,25,11,13,1,.460,-0.46,-1.72,12,8,record adjusted to 387-324-7 by NCAA
138,Loyola (LA),1934,1936,3,28,10,17,1,.375,0,0,0,0,,-6.61,-3.13,0,0,
139,Loyola Marymount,1933,1951,13,127,66,57,4,.535,0,0,0,0,,-2.09,-4.02,0,0,
140,LSU,1902,2023,119,1283,813,421,47,.653,55,30,24,1,.555,9.99,4.52,44,12,record adjusted to 778-417-47 by NCAA
141,Lubbock Field,1944,1944,1,9,5,4,0,.556,0,0,0,0,,-1.45,-3.01,0,0,
142,Maine,1904,1905,2,16,8,7,1,.531,0,0,0,0,,-0.56,-0.88,0,0,
143,Manhattan,1936,1942,7,63,30,31,2,.492,0,0,0,0,,-0.84,0.07,0,0,
144,March Field,1943,1944,2,21,16,3,2,.810,0,0,0,0,,5.33,-5.69,2,0,
145,Mare Island Marines,1917,1918,2,19,18,1,0,.947,2,1,1,0,.500,13.72,-5.57,0,0,
146,Marquette,1927,1960,34,306,131,160,15,.453,1,0,1,0,.000,-0.76,0.34,1,0,
147,Marshall,1962,2023,47,550,261,284,3,.479,19,13,6,0,.684,-7.82,-5.97,3,6,
148,Maryland,1917,2023,107,1150,585,534,30,.522,30,14,14,2,.500,2.49,1.82,18,11,
149,Maryville (TN),1906,1907,2,13,3,8,2,.308,0,0,0,0,,-9.89,0.71,0,0,
150,Massachusetts,1882,2023,26,252,71,175,6,.294,0,0,0,0,,-11.42,-3.80,0,0,
151,McNeese State,1975,1981,7,82,57,21,2,.725,3,1,2,0,.333,-1.17,-7.87,0,3,
152,Memphis,1960,2023,64,724,357,358,8,.499,15,7,8,0,.467,-0.84,-1.63,3,5,record adjusted to 358-357-8 by NCAA
153,Mercer,1909,1936,15,138,55,74,9,.431,0,0,0,0,,-3.92,-2.03,0,0,
154,Merchant Marine,1945,1947,3,30,11,19,0,.367,0,0,0,0,,-13.91,-8.35,0,0,
155,Miami (FL),1936,2023,87,981,614,353,12,.633,42,19,23,0,.452,8.68,3.56,33,9,
156,Miami (OH),1962,2023,62,703,384,301,15,.559,13,6,7,0,.462,-3.68,-5.94,4,11,record adjusted to 385-300-15 by NCAA
157,Michigan,1881,2023,134,1380,978,345,35,.733,52,23,29,0,.442,13.84,5.06,64,45,
158,Michigan State,1918,2023,99,1055,607,405,30,.597,30,14,16,0,.467,8.97,4.88,28,9,record adjusted to 602-410-30 by NCAA
159,Middle Tennessee State,1999,2023,25,303,147,156,0,.485,10,4,6,0,.400,-6.65,-5.80,0,2,
160,Millsaps,1924,1924,1,9,3,5,1,.389,0,0,0,0,,-10.12,-7.78,0,0,
161,Minnesota,1892,2023,132,1295,717,534,42,.571,24,12,12,0,.500,8.18,4.85,15,18,
162,Mississippi College,1911,1924,10,81,38,37,6,.506,0,0,0,0,,-3.35,-2.44,0,0,
163,Mississippi State,1902,2023,119,1220,603,579,37,.510,26,15,11,0,.577,3.46,3.07,15,1,record adjusted to 586-597-36 by NCAA
164,Mississippi Valley State,1977,1977,1,10,5,5,0,.500,0,0,0,0,,-11.39,-10.79,0,0,
165,Missouri,1901,2023,122,1271,663,558,50,.541,36,16,20,0,.444,4.84,3.22,19,12,record adjusted to 665-556-50 by NCAA
166,MIT,1882,1899,12,77,27,48,2,.364,0,0,0,0,,-5.20,0.64,0,0,
167,Montana,1917,1962,38,332,123,199,10,.386,0,0,0,0,,-8.86,-4.60,0,0,
168,Montana State,1923,1947,17,140,65,66,9,.496,1,0,0,1,.500,-7.34,-6.98,0,2,
169,Nashville,1904,1904,1,9,1,7,1,.167,0,0,0,0,,-6.15,4.40,0,0,
170,Navy,1891,2023,130,1340,705,581,52,.546,24,12,11,1,.521,3.83,1.38,14,0,
171,Nebraska,1900,2023,124,1331,882,399,38,.683,53,26,27,0,.491,10.50,3.75,48,43,record adjusted to 883-399-37 by NCAA
172,Nevada,1946,2023,37,439,232,207,0,.528,19,7,12,0,.368,-4.23,-5.56,1,7,
173,Nevada-Las Vegas,1978,2023,46,535,199,332,3,.375,5,3,2,0,.600,-9.32,-3.93,0,1,record adjusted to 181-350-3 by NCAA
174,New Hampshire,1904,1905,2,15,4,9,2,.333,0,0,0,0,,-10.04,-4.12,0,0,
175,New Mexico,1931,2023,92,1003,411,576,17,.418,12,4,7,1,.375,-6.96,-4.00,0,4,
176,New Mexico State,1931,2023,90,961,336,611,14,.357,6,4,1,1,.750,-13.15,-7.73,1,4,record adjusted to 337-610-14 by NCAA
177,New York University,1927,1952,24,205,97,99,9,.495,0,0,0,0,,-4.24,-3.23,0,0,
178,Newberry,1914,1925,11,86,34,48,4,.419,0,0,0,0,,-9.95,-5.22,0,0,
179,Norman Naval Air Station,1944,1944,1,6,6,0,0,1.000,0,0,0,0,,18.01,3.51,1,0,
180,North Carolina,1902,2023,120,1278,685,541,48,.557,38,15,23,0,.395,4.75,2.82,17,7,record adjusted to 669-541-48 by NCAA
181,North Carolina Pre-Flight,1942,1943,2,18,10,6,2,.611,0,0,0,0,,3.20,2.00,0,0,
182,North Carolina State,1902,2023,118,1240,614,579,46,.514,35,17,17,1,.500,1.74,1.35,15,7,
183,North Texas,1953,2023,59,659,284,365,11,.439,12,2,10,0,.167,-7.90,-5.18,0,9,record adjusted to 287-362-11 by NCAA
184,Northern Arizona,1931,1952,19,152,49,91,12,.362,0,0,0,0,,-17.76,-11.75,0,0,
185,Northern Colorado,1923,1937,15,115,51,57,7,.474,0,0,0,0,,-10.73,-9.63,0,1,
186,Northern Illinois,1968,2023,56,650,313,333,4,.485,15,5,10,0,.333,-8.01,-6.79,1,6,
187,Northwestern,1892,2023,130,1295,557,695,40,.447,17,7,10,0,.412,2.84,5.42,13,8,record adjusted to 558-694-40 by NCAA
188,Northwestern State,1976,1979,4,41,19,22,0,.463,0,0,0,0,,-12.36,-8.13,0,0,
189,Notre Dame,1899,2023,117,1248,892,323,33,.728,42,21,21,0,.500,14.75,6.03,59,0,record adjusted to 871-323-33 by NCAA
190,Oglethorpe,1919,1925,7,69,31,35,3,.471,0,0,0,0,,-3.68,-1.98,0,0,
191,Ohio,1962,2023,62,702,313,380,9,.452,15,7,8,0,.467,-8.39,-6.67,1,3,
192,Ohio State,1904,2023,112,1188,856,266,36,.755,56,27,29,0,.482,15.29,5.97,63,40,record adjusted to 844-265-36 by NCAA
193,Oklahoma,1903,2023,115,1270,891,321,47,.726,57,31,25,1,.553,12.39,3.59,62,49,
194,Oklahoma State,1914,2023,110,1186,604,535,41,.529,34,22,12,0,.647,2.74,1.97,17,10,
195,Old Dominion,2014,2023,10,111,46,65,0,.414,3,1,2,0,.333,-9.12,-4.71,0,0,
196,Ole Miss,1902,2023,118,1246,679,528,34,.561,41,26,15,0,.634,4.99,2.86,27,6,record adjusted to 650-524-34 by NCAA
197,Oregon,1916,2023,106,1141,627,469,34,.570,37,17,20,0,.459,5.68,3.29,20,13,record adjusted to 628-468-34 by NCAA
198,Oregon State,1916,2023,106,1122,492,590,36,.456,18,10,8,0,.556,1.81,3.54,11,5,record adjusted to 496-586-36 by NCAA
199,Pacific,1943,1995,47,498,209,280,9,.429,2,1,1,0,.500,-7.80,-5.74,1,0,record adjusted to 211-278-9 by NCAA
200,Penn State,1889,2023,130,1346,908,401,37,.688,53,31,20,2,.604,9.32,2.31,45,4,
201,Pennsylvania,1876,1981,105,1027,618,369,40,.621,1,0,1,0,.000,3.33,-0.42,7,1,
202,Phillips,1920,1921,2,19,7,8,4,.474,0,0,0,0,,-6.92,-5.01,0,0,
203,Pitt,1905,2023,119,1266,712,508,37,.581,37,15,22,0,.405,7.15,4.12,21,3,record adjusted to 713-507-37 by NCAA
204,Portland,1946,1947,2,19,3,15,1,.184,0,0,0,0,,-21.01,-10.83,0,0,
205,Prairie View A&M,1977,1977,1,11,3,8,0,.273,0,0,0,0,,-19.35,-10.35,0,0,
206,Presbyterian,1915,1945,16,127,58,63,6,.480,0,0,0,0,,-5.56,-4.99,0,0,
207,Princeton,1869,1981,109,918,637,233,48,.720,0,0,0,0,,6.03,-1.29,4,5,
208,Purdue,1892,2023,132,1279,630,593,48,.515,21,11,10,0,.524,5.57,4.56,16,8,record adjusted to 631-592-48 by NCAA
209,Quantico Marines,1965,1965,1,10,6,4,0,.600,0,0,0,0,,-6.22,-12.12,0,0,
210,Randolph Field,1944,1944,1,12,12,0,0,1.000,0,0,0,0,,16.14,-5.11,1,0,
211,Regis (CO),1924,1930,3,25,9,16,0,.360,0,0,0,0,,-12.84,-8.99,0,0,
212,Rhodes,1939,1939,1,9,3,5,1,.389,0,0,0,0,,-5.39,-2.50,0,0,
213,Rice,1914,2023,110,1166,484,651,32,.428,14,7,7,0,.500,-0.56,2.30,7,8,record adjusted to 485-650-32 by NCAA
214,Richmond,1909,1983,58,565,233,305,27,.436,2,1,1,0,.500,-8.46,-6.07,0,4,
215,Rutgers,1869,2023,109,1038,499,516,22,.492,12,7,5,0,.583,-3.11,-2.66,3,1,record adjusted to 500-515-22 by NCAA
216,Saint Louis,1907,1949,18,173,82,78,13,.512,0,0,0,0,,-6.36,-6.99,0,0,
217,Saint Mary's (CA),1930,1950,20,182,101,70,11,.585,3,1,2,0,.333,2.63,0.03,1,0,
218,Saint Mary's (CA) Pre-Flight,1942,1944,3,26,13,11,2,.538,0,0,0,0,,2.43,-1.77,1,0,
219,Sam Houston,2023,2023,1,12,3,9,0,.250,,,,,,-10.17,-4.50,0,0,
220,Samford,1907,1924,11,95,27,57,11,.342,0,0,0,0,,-8.87,-2.41,0,0,
221,San Diego State,1969,2023,55,652,360,284,8,.558,16,7,9,0,.438,-0.09,-2.02,3,9,record adjusted to 362-282-8 by NCAA
222,San Francisco,1932,1951,18,163,77,76,10,.503,0,0,0,0,,-0.90,-2.32,1,0,
223,San Jose State,1950,2023,74,826,364,444,14,.451,11,5,6,0,.455,-5.48,-3.47,2,9,record adjusted to 362-447-13 by NCAA
224,Santa Clara,1932,1952,18,163,98,54,11,.635,3,3,0,0,1.000,6.34,2.58,6,0,
225,Second Air Force,1944,1944,1,15,10,4,1,.700,0,0,0,0,,12.44,-1.42,1,0,
226,Sewanee,1902,1941,40,339,161,155,23,.509,0,0,0,0,,0.56,0.28,0,0,
227,Simpson,1902,1903,2,10,3,7,0,.300,0,0,0,0,,-5.53,1.87,0,0,
228,SMU,1916,2023,106,1149,534,561,54,.488,19,7,11,1,.395,2.12,2.50,12,11,record adjusted to 530-555-54 by NCAA
229,South Alabama,2012,2023,12,148,60,88,0,.405,4,1,3,0,.250,-7.69,-4.44,0,0,
230,South Carolina,1903,2023,116,1230,601,580,41,.509,25,10,15,0,.400,2.15,1.87,10,1,record adjusted to 602-579-41 by NCAA
231,South Florida,2000,2023,24,289,148,141,0,.512,11,7,4,0,.636,-1.31,-1.77,2,0,
232,Southern,1977,1977,1,11,3,7,1,.318,0,0,0,0,,-15.39,-9.12,0,0,
233,Southern Illinois,1972,1985,14,156,68,85,3,.446,0,0,0,0,,-11.97,-9.54,0,0,
234,Southern Mississippi,1963,2023,61,705,380,318,6,.544,23,12,11,0,.522,-0.35,-1.98,3,5,record adjusted to 382-316-6 by NCAA
235,Southwestern (TX),1910,1921,12,78,23,49,6,.333,0,0,0,0,,-7.04,-1.44,0,0,
236,Spring Hill,1919,1922,3,23,11,11,1,.500,0,0,0,0,,-3.17,-2.11,0,0,
237,Springfield,1891,1892,2,21,9,11,1,.452,0,0,0,0,,-0.79,0.43,0,0,
238,Stanford,1918,2023,103,1113,596,479,34,.553,29,15,13,1,.534,6.43,4.87,20,14,
239,Stevens,1872,1891,19,123,36,74,13,.346,0,0,0,0,,-4.24,-0.35,0,0,
240,Swarthmore,1888,1912,8,65,40,24,1,.623,0,0,0,0,,3.68,-0.98,0,0,
241,Syracuse,1899,2023,122,1268,698,527,41,.568,28,16,11,1,.589,4.11,1.27,15,5,record adjusted to 687-527-41 by NCAA
242,Tampa,1966,1974,7,73,43,30,0,.589,1,1,0,0,1.000,-3.53,-7.13,0,0,
243,Temple,1930,2023,76,810,340,444,26,.436,9,3,6,0,.333,-3.35,-0.97,1,1,record adjusted to 335-449-26 by NCAA
244,Tennessee,1902,2023,119,1302,851,396,51,.675,56,31,25,0,.554,10.08,3.63,46,13,record adjusted to 852-396-50 by NCAA
245,Tennessee Medical College,1904,1904,1,6,2,4,0,.333,0,0,0,0,,-9.28,2.06,0,0,
246,Tennessee State,1977,1977,1,10,8,1,1,.850,0,0,0,0,,3.58,-8.72,0,0,
247,Texas,1902,2023,122,1313,897,382,32,.696,59,31,26,2,.542,11.90,4.17,51,31,record adjusted to 898-382-31 by NCAA
248,Texas A&M,1903,2023,121,1293,756,491,44,.603,43,20,23,0,.465,7.96,3.29,28,18,
249,Texas Christian,1903,2023,118,1272,664,554,50,.543,36,18,17,1,.514,2.91,1.86,21,17,record adjusted to 664-553-50 by NCAA
250,Texas Southern,1977,1977,1,11,6,4,1,.591,0,0,0,0,,-5.98,-9.98,0,0,
251,Texas State,2012,2023,12,145,48,97,0,.331,1,1,0,0,1.000,-11.39,-5.10,0,0,
252,Texas Tech,1932,2023,92,1047,566,455,24,.553,41,17,23,1,.427,4.00,2.01,11,11,
253,Texas-Arlington,1971,1981,11,120,49,71,0,.408,0,0,0,0,,-9.71,-6.19,0,1,
254,The Citadel,1909,1981,65,609,284,304,21,.484,1,1,0,0,1.000,-7.47,-6.72,0,1,
255,Toledo,1962,2023,62,715,420,285,8,.595,21,11,10,0,.524,-4.02,-7.09,4,12,record adjusted to 422-283-8 by NCAA
256,Trinity (CT),1887,1901,15,126,50,62,14,.452,0,0,0,0,,-4.52,-2.66,0,0,
257,Troy,2001,2023,23,284,159,125,0,.560,10,6,4,0,.600,-3.07,-4.94,1,8,
258,Tufts,1877,1905,17,178,70,103,5,.407,0,0,0,0,,-6.06,-2.49,0,0,
259,Tulane,1902,2023,119,1228,540,651,35,.455,16,7,9,0,.438,0.40,1.82,8,5,record adjusted to 539-652-35 by NCAA
260,Tulsa,1917,2023,92,1011,511,481,18,.515,23,11,12,0,.478,-1.48,-2.21,8,27,
261,UAB,1996,2023,26,309,140,169,0,.453,6,3,3,0,.500,-6.16,-4.28,0,2,
262,UCF,1996,2023,28,345,198,147,0,.574,15,6,9,0,.400,0.10,-3.34,5,6,
263,UCLA,1928,2023,96,1072,615,409,31,.598,38,17,20,1,.461,9.04,5.56,32,17,record adjusted to 608-416-31 by NCAA
264,Union (NY),1894,1902,3,18,3,15,0,.167,0,0,0,0,,-10.45,3.85,0,0,
265,USC,1922,2023,102,1188,791,327,40,.700,57,36,21,0,.632,13.80,6.23,51,39,record adjusted to 777-327-40 by NCAA
266,Utah,1905,2023,117,1178,688,459,30,.597,26,17,9,0,.654,2.41,-1.78,11,26,
267,Utah State,1912,2023,109,1108,538,542,28,.498,16,6,10,0,.375,-4.88,-4.82,4,13,record adjusted to 542-539-27 by NCAA
268,UTEP,1935,2023,86,945,344,581,18,.374,15,5,10,0,.333,-9.45,-5.08,0,2,
269,UTSA,2012,2023,12,149,80,69,0,.537,5,1,4,0,.200,-5.24,-5.29,0,2,
270,Vanderbilt,1902,2023,120,1241,556,642,43,.465,9,4,4,1,.500,3.34,3.55,3,0,record adjusted to 557-641-43 by NCAA
271,Vermont,1901,1905,5,48,21,22,5,.490,0,0,0,0,,-3.00,-1.06,0,0,
272,Villanova,1905,1980,59,547,270,260,17,.509,5,2,2,1,.500,-2.26,-3.09,3,0,
273,Virginia,1890,2023,120,1250,602,611,37,.496,21,8,13,0,.381,0.99,0.60,9,2,
274,Virginia Military Institute,1904,1981,70,684,306,344,34,.472,0,0,0,0,,-5.27,-4.03,1,7,
275,Virginia Tech,1902,2023,120,1270,737,488,44,.598,35,14,21,0,.400,3.16,-0.95,20,8,record adjusted to 738-487-44 by NCAA
276,Wabash,1904,1905,2,17,8,9,0,.471,0,0,0,0,,4.55,1.77,0,0,
277,Wake Forest,1908,2023,116,1194,482,681,31,.417,17,11,6,0,.647,-2.36,0.85,5,2,
278,Washburn,1905,1940,7,68,29,38,1,.434,0,0,0,0,,-11.77,-8.80,0,0,
279,Washington,1916,2023,107,1139,669,438,32,.601,41,20,20,1,.500,8.11,4.29,27,20,record adjusted to 672-435-32 by NCAA
280,Washington & Jefferson,1905,1934,30,288,196,71,21,.717,1,0,0,1,.500,4.77,-2.83,0,0,
281,Washington & Lee,1907,1953,44,390,191,174,25,.522,1,0,1,0,.000,-0.76,-1.91,1,2,
282,Washington (MO),1902,1942,40,331,147,165,19,.473,0,0,0,0,,-5.13,-4.22,0,3,
283,Washington State,1917,2023,104,1091,499,549,38,.477,17,7,10,0,.412,2.50,3.26,12,4,record adjusted to 501-547-38 by NCAA
284,Wesleyan (CT),1882,1905,24,217,92,118,7,.440,0,0,0,0,,0.49,3.84,0,0,
285,West Texas State,1941,1985,44,447,212,225,9,.485,4,4,0,0,1.000,-8.65,-8.69,0,4,
286,West Virginia,1909,2023,111,1213,693,467,41,.594,40,17,23,0,.425,3.98,0.50,20,15,
287,West Virginia Wesleyan,1913,1916,4,33,16,16,1,.500,0,0,0,0,,-1.55,-1.37,0,0,
288,Western Carolina,1977,1981,5,55,25,28,2,.473,0,0,0,0,,-8.00,-8.33,0,0,
289,Western Kentucky,2007,2023,17,217,113,104,0,.521,10,7,3,0,.700,-4.07,-5.32,1,2,
290,Western Michigan,1962,2023,62,693,358,328,7,.522,10,2,8,0,.200,-6.45,-7.21,1,3,record adjusted to 359-327-7 by NCAA
291,Western State,1924,1937,14,96,20,76,0,.208,0,0,0,0,,-20.15,-8.96,0,0,
292,Whitman,1923,1924,2,12,2,10,0,.167,0,0,0,0,,-13.95,1.72,0,0,
293,Wichita State,1945,1986,42,433,167,254,12,.400,3,0,3,0,.000,-10.37,-6.40,0,5,record adjusted to 168-253-12 by NCAA
294,William & Mary,1922,1983,55,560,260,279,20,.483,3,1,2,0,.333,-4.63,-4.51,3,4,
295,Williams,1886,1906,21,211,107,90,14,.540,0,0,0,0,,1.28,0.17,0,0,
296,Wisconsin,1892,2023,132,1310,737,513,52,.586,35,19,16,0,.543,8.27,4.77,26,14,record adjusted to 738-512-52 by NCAA
297,Wofford,1914,1936,15,128,36,88,4,.297,0,0,0,0,,-13.04,-5.23,0,0,
298,WPI,1888,1893,2,11,3,7,1,.318,0,0,0,0,,-12.11,-1.48,0,0,
299,Wyoming,1905,2023,112,1155,540,585,26,.480,19,10,9,0,.526,-4.52,-3.23,4,14,record adjusted to 541-584-26 by NCAA
300,Xavier,1935,1973,16,161,71,86,4,.453,0,0,0,0,,-11.60,-8.18,0,0,
301,Yale,1872,1981,108,973,717,203,53,.764,0,0,0,0,,7.88,-1.09,4,11,